,y,a,b,c,d,af,bf,cf,df
0,46.105227606643545,0,0,0,0,-1,-1,-1,-1
1,43.65449559560378,1,0,0,1,1,-1,-1,1
2,44.118356530544155,0,1,0,1,-1,1,-1,1
3,45.16262706372306,1,1,0,0,1,1,-1,-1
4,44.584348095215745,0,0,1,1,-1,-1,1,1
5,44.933687941423045,1,0,1,0,1,-1,1,-1
6,51.38932007544054,0,1,1,0,-1,1,1,-1
7,52.2005270837415,1,1,1,1,1,1,1,1
