,y,a,b,c,d,af,bf,cf,df
0,51.194617571498746,0,0,0,0,-1,-1,-1,-1
1,45.96751564857954,1,0,0,1,1,-1,-1,1
2,46.13179371018793,0,1,0,1,-1,1,-1,1
3,54.93824548288478,1,1,0,0,1,1,-1,-1
4,44.808667655334176,0,0,1,1,-1,-1,1,1
5,46.597115822670595,1,0,1,0,1,-1,1,-1
6,44.7173126809673,0,1,1,0,-1,1,1,-1
7,44.7524063372444,1,1,1,1,1,1,1,1
