,y,a,b,c,d,af,bf,cf,df
0,36.026727106679836,0,0,0,0,-1,-1,-1,-1
1,37.012357935109954,1,0,0,1,1,-1,-1,1
2,37.02630663233407,0,1,0,1,-1,1,-1,1
3,37.2859199344715,1,1,0,0,1,1,-1,-1
4,36.38337189278844,0,0,1,1,-1,-1,1,1
5,37.1675909911883,1,0,1,0,1,-1,1,-1
6,37.294350796528626,0,1,1,0,-1,1,1,-1
7,37.01849898626036,1,1,1,1,1,1,1,1
