,y,a,b,c,d,af,bf,cf,df
0,40.61436233192253,0,0,0,0,-1,-1,-1,-1
1,38.150709442630074,1,0,0,1,1,-1,-1,1
2,38.34087379545088,0,1,0,1,-1,1,-1,1
3,47.069871001294096,1,1,0,0,1,1,-1,-1
4,37.374237568366816,0,0,1,1,-1,-1,1,1
5,37.74429448863117,1,0,1,0,1,-1,1,-1
6,37.01629517272044,0,1,1,0,-1,1,1,-1
7,37.49914649624391,1,1,1,1,1,1,1,1
