,y,a,b,c,d,af,bf,cf,df
0,41.28866327977086,0,0,0,0,-1,-1,-1,-1
1,36.34980058152221,1,0,0,1,1,-1,-1,1
2,36.41377339395595,0,1,0,1,-1,1,-1,1
3,45.088191506448176,1,1,0,0,1,1,-1,-1
4,33.674302749603264,0,0,1,1,-1,-1,1,1
5,34.32016888866317,1,0,1,0,1,-1,1,-1
6,33.64817333340311,0,1,1,0,-1,1,1,-1
7,33.3975332991606,1,1,1,1,1,1,1,1
