,y,a,b,c,d,af,bf,cf,df
0,54.34644504882215,0,0,0,0,-1,-1,-1,-1
1,52.42947466683146,1,0,0,1,1,-1,-1,1
2,51.39933699067206,0,1,0,1,-1,1,-1,1
3,52.543385751358095,1,1,0,0,1,1,-1,-1
4,52.77792871137742,0,0,1,1,-1,-1,1,1
5,53.43863571077517,1,0,1,0,1,-1,1,-1
6,60.27948719942453,0,1,1,0,-1,1,1,-1
7,64.85051127018993,1,1,1,1,1,1,1,1
