,y,a,b,c,d,af,bf,cf,df
0,17.768093596982673,0,0,0,0,-1,-1,-1,-1
1,18.562267164764,1,0,0,1,1,-1,-1,1
2,18.61430127324216,0,1,0,1,-1,1,-1,1
3,17.225677024516198,1,1,0,0,1,1,-1,-1
4,18.632070388650092,0,0,1,1,-1,-1,1,1
5,17.294585956491492,1,0,1,0,1,-1,1,-1
6,17.23957580200095,0,1,1,0,-1,1,1,-1
7,18.59999880338925,1,1,1,1,1,1,1,1
