,y,a,b,c,d,af,bf,cf,df
0,55.581127924985914,0,0,0,0,-1,-1,-1,-1
1,52.74768150691074,1,0,0,1,1,-1,-1,1
2,52.10878053900652,0,1,0,1,-1,1,-1,1
3,53.18537837241124,1,1,0,0,1,1,-1,-1
4,53.26393555215042,0,0,1,1,-1,-1,1,1
5,53.873557031119454,1,0,1,0,1,-1,1,-1
6,59.60358075285476,0,1,1,0,-1,1,1,-1
7,58.925875801456606,1,1,1,1,1,1,1,1
