,y,a,b,c,d,af,bf,cf,df
0,31.1331482725615,0,0,0,0,-1,-1,-1,-1
1,30.39507226551937,1,0,0,1,1,-1,-1,1
2,30.275341740845906,0,1,0,1,-1,1,-1,1
3,30.13823010347677,1,1,0,0,1,1,-1,-1
4,30.589393487596823,0,0,1,1,-1,-1,1,1
5,30.520442980982278,1,0,1,0,1,-1,1,-1
6,30.14757628547538,0,1,1,0,-1,1,1,-1
7,30.276201945663733,1,1,1,1,1,1,1,1
