,y,a,b,c,d,af,bf,cf,df
0,27.52058069256343,0,0,0,0,-1,-1,-1,-1
1,27.81601841872119,1,0,0,1,1,-1,-1,1
2,27.501239007114844,0,1,0,1,-1,1,-1,1
3,33.14522840498214,1,1,0,0,1,1,-1,-1
4,27.461428647009285,0,0,1,1,-1,-1,1,1
5,26.296652502512092,1,0,1,0,1,-1,1,-1
6,25.9925214183327,0,1,1,0,-1,1,1,-1
7,27.370127818359077,1,1,1,1,1,1,1,1
