,y,a,b,c,d,af,bf,cf,df
0,32.726114023401834,0,0,0,0,-1,-1,-1,-1
1,32.11395603308066,1,0,0,1,1,-1,-1,1
2,32.292633248758555,0,1,0,1,-1,1,-1,1
3,32.210694172846075,1,1,0,0,1,1,-1,-1
4,32.14642800837087,0,0,1,1,-1,-1,1,1
5,32.41703214349303,1,0,1,0,1,-1,1,-1
6,32.21098727672641,0,1,1,0,-1,1,1,-1
7,32.28306142676955,1,1,1,1,1,1,1,1
